CUSIP,Ticker,Company,Shares,Delta_Shares,Value,Delta_Value,Delta,Portfolio%
595112103,MU,MICRON TECHNOLOGY INC,3142269,2976338,3.63B,3.44B,+1793.7%,7.5%
84615Q103,SPCX,SPACE EXPLORATION TECHN CORP,18561780,18561780,3.17B,3.17B,NEW,6.5%
458140100,INTC,INTEL CORP,12084027,12084027,1.69B,1.69B,NEW,3.5%
15675D103,CBRS,CEREBRAS SYSTEMS INC,7011028,7011028,1.55B,1.55B,NEW,3.2%
34631F102,FPS,FORGENT POWER SOLUTIONS INC,20501387,20501387,1.15B,1.15B,NEW,2.4%
44812J104,HUT,HUT 8 CORP,9715476,9715476,1.12B,1.12B,NEW,2.3%
023135106,AMZN,AMAZON COM INC,11834799,3904033,2.82B,930.49M,+49.2%,5.8%
02079K305,GOOGL,ALPHABET INC,4856251,542825,1.74B,193.99M,+12.6%,3.6%
29444U700,EQIX,EQUINIX INC,1273517,182631,1.33B,190.37M,+16.7%,2.7%
146869102,CVNA,CARVANA CO,3278865,2597865,215.81M,170.99M,+381.5%,0.44%
594918104,MSFT,MICROSOFT CORP,2936409,456392,1.1B,170.24M,+18.4%,2.3%
11135F101,AVGO,BROADCOM INC,5846831,342979,2.21B,129.56M,+6.2%,4.5%
G29183103,ETN,EATON CORP PLC,4968415,219917,2.12B,93.71M,+4.6%,4.4%
099502106,BAH,BOOZ ALLEN HAMILTON HLDG COR,1083410,1083410,65.73M,65.73M,NEW,0.14%
007903107,AMD,ADVANCED MICRO DEVICES INC,95987,95987,55.76M,55.76M,NEW,0.11%
199908104,FIX,COMFORT SYS USA INC,17793,17793,35.26M,35.26M,NEW,0.07%
04010E109,AGX,ARGAN INC,36101,36101,28.83M,28.83M,NEW,0.06%
88160R101,TSLA,TESLA INC,59963,1125,25.22M,473.17K,+1.9%,0.05%
21037T109,CEG,CONSTELLATION ENERGY CORP,4632475,0,1.15B,0,NO CHANGE,2.4%
75734B100,RDDT,REDDIT INC,2789891,0,484.27M,0,NO CHANGE,1%
G6683N103,NU,NU HLDGS LTD,29333576,0,391.9M,0,NO CHANGE,0.81%
31946M103,FCNCA,FIRST CTZNS BANCSHARES INC D,139498,0,290.27M,0,NO CHANGE,0.6%
747525103,QCOM,QUALCOMM INC,1387312,0,256.36M,0,NO CHANGE,0.53%
142152107,CAI,CARIS LIFE SCIENCES INC,9819992,0,174.99M,0,NO CHANGE,0.36%
368736104,GNRC,GENERAC HLDGS INC,390513,0,114.35M,0,NO CHANGE,0.24%
85208M102,SFM,SPROUTS FMRS MKT INC,1203773,0,101.82M,0,NO CHANGE,0.21%
70450Y103,PYPL,PAYPAL HLDGS INC,1243590,0,53.7M,0,NO CHANGE,0.11%
670002401,NVAX,NOVAVAX INC,3836986,0,36.14M,0,NO CHANGE,0.07%
74767V109,QS,QUANTUMSCAPE CORP,4294995,0,32.47M,0,NO CHANGE,0.07%
91680M107,UPST,UPSTART HLDGS INC,870947,0,30.86M,0,NO CHANGE,0.06%
88339J105,TTD,THE TRADE DESK INC,1387089,0,25.08M,0,NO CHANGE,0.05%
98954M200,Z,ZILLOW GROUP INC,739700,0,23.32M,0,NO CHANGE,0.05%
038923108,ABR,ARBOR REALTY TRUST INC,4196885,0,22.75M,0,NO CHANGE,0.05%
58463J304,MPT,MEDICAL PROPERTIES TRUST INC,4525398,0,20.91M,0,NO CHANGE,0.04%
76680R206,RNG,RINGCENTRAL INC,411351,0,16.03M,0,NO CHANGE,0.03%
70614W100,PTON,PELOTON INTERACTIVE INC,2500000,0,14.78M,0,NO CHANGE,0.03%
98954M101,ZG,ZILLOW GROUP INC,328189,0,10.3M,0,NO CHANGE,0.02%
72919P202,PLUG,PLUG PWR INC,2545243,0,6.9M,0,NO CHANGE,0.01%
860897107,SFIX,STITCH FIX INC,735373,0,3.02M,0,NO CHANGE,<.01%
679369108,OLPX,OLAPLEX HLDGS INC,1264968,0,2.59M,0,NO CHANGE,<.01%
549498202,LCID,LUCID GROUP INC,295393,0,1.98M,0,NO CHANGE,<.01%
15961R303,CHPT,CHARGEPOINT HOLDINGS INC,154086,0,910.65K,0,NO CHANGE,<.01%
42806J148,HTZWW,HERTZ GLOBAL HLDGS INC,468814,0,511.01K,0,NO CHANGE,<.01%
00165C302,AMC,AMC ENTMT HLDGS INC,228136,0,433.46K,0,NO CHANGE,<.01%
42806J700,HTZ,HERTZ GLOBAL HLDGS INC,106823,0,241.95K,0,NO CHANGE,<.01%
08862E109,BYND,BEYOND MEAT INC,299885,-43508,224.91K,-32.63K,-12.7%,<.01%
46438F101,IBIT,ISHARES BITCOIN TRUST ETF,0,-67226,0,-2.58M,CLOSE,0%
90364P105,PATH,UIPATH INC,1961365,-308192,21.32M,-3.35M,-13.6%,0.04%
29355A107,ENPH,ENPHASE ENERGY INC,1556941,-90952,76.66M,-4.48M,-5.5%,0.16%
L8681T102,SPOT,SPOTIFY TECHNOLOGY S A,1310632,-10282,601.75M,-4.72M,-0.8%,1.2%
25809K105,DASH,DOORDASH INC,524792,-27016,96.84M,-4.99M,-4.9%,0.2%
632307104,NTRA,NATERA INC,2505090,-36752,680.01M,-9.98M,-1.4%,1.4%
72352L106,PINS,PINTEREST INC,1197780,-480984,25.19M,-10.12M,-28.7%,0.05%
36828A101,GEV,GE VERNOVA INC,2558164,-14194,3.01B,-16.68M,-0.6%,6.2%
46120E602,ISRG,INTUITIVE SURGICAL INC,793704,-61521,315.64M,-24.47M,-7.2%,0.65%
576323109,MTZ,MASTEC INC,517250,-66347,215.21M,-27.6M,-11.4%,0.44%
67066G104,NVDA,NVIDIA CORPORATION,6055197,-276423,1.21B,-55.31M,-4.4%,2.5%
92537N108,VRT,VERTIV HOLDINGS CO,806594,-175039,270.06M,-58.61M,-17.8%,0.56%
03831W108,APP,APPLOVIN CORP,1171189,-118819,603.43M,-61.22M,-9.2%,1.2%
02079K107,GOOG,ALPHABET INC,908395,-207490,320.96M,-73.31M,-18.6%,0.66%
12541W209,CHRW,C H ROBINSON WORLDWIDE IN,0,-573010,0,-95.16M,CLOSE,0%
83443Q103,SOLS,SOLSTICE ADVANCED MATLS INC,0,-1654589,0,-126.01M,CLOSE,0%
64110L106,NFLX,NETFLIX INC.,4710420,-2183140,336.32M,-155.88M,-31.7%,0.69%
30303M102,META,META PLATFORMS INC,2526048,-286008,1.42B,-161.11M,-10.2%,2.9%
874039100,TSM,TAIWAN SEMICONDUCTOR MANUFAC,8914995,-368552,4.26B,-176.01M,-4%,8.8%
16935C109,CHYM,CHIME FINL INC,0,-10071992,0,-188.65M,CLOSE,0%
871607107,SNPS,SYNOPSYS INC,317465,-444295,141.61M,-198.19M,-58.3%,0.29%
92826C839,V,VISA INC,0,-718753,0,-217.24M,CLOSE,0%
512807306,LRCX,LAM RESEARCH CORP,9441603,-601902,4.09B,-260.82M,-6%,8.4%
N07059210,ASML,ASML HLDG NV,295406,-200828,587.69M,-399.54M,-40.5%,1.2%
038222105,AMAT,APPLIED MATLS INC,4213483,-1034719,3.05B,-748.1M,-19.7%,6.3%
Total,,,,,48.63B,11.09B,+38.2%,100%
